---
title: SQL 첫걸음 1-2장
author: Su
date: 2023-09-15 01:55:00 +0800
categories: [CS]
tags: [ECC, BE]
pin: false
use_math: true

---

Learning Source: [SQL 첫걸음 - 아사이 아츠시](https://www.aladin.co.kr/shop/wproduct.aspx?ItemId=69025381)

## 1. 데이터베이스

+ 데이터: 컴퓨터 안에 기록되어 있는 숫자
+ 데이터베이스: 저장장치 내에 정리하여 저장된 데이터의 집합
	+ 넓은 의미: 컴퓨터 안에 기록된 모든 것
	+ 일반적 의미: 특정 데이터를 확인하고 싶을 때 간단하게 찾아낼 수 있도록 정리된 형태
	+ 데이터베이스 내의 데이터는 영구적으로 보존되어야 한다. -> 비휘발성 저장장치인 HDD나 플래시메모리(SSD) 등에 저장된다.

### 시스템 내의 데이터베이스
+ 일반적으로 데이터센터의 서버에서 운용되나, 현재는 개인용 컴퓨터나 휴대용 기기에 내장되어 있기도 하다.
+ 데이터베이스는 다양한 시스템에서 사용한다. 

### DB와 DBMS
+ <code>DB</code>: 데이터베이스(DB)의 일반적인 약자
+ <code>DBMS</code>(Database Management System, 데이터베이스 관리 시스템): DB를 효율적으로 관리하는 소프트웨어
	<img src="https://github.com/sml09181/sml09181.github.io/assets/105408672/6d7ee290-e929-4b53-87e4-80f3dee33cc0" width="400">
+ DBMS 사용 목적
	+ `생산성`
		+ 어떤 시스템이든 이루어지는 데이터 검색, 추가, 삭제, 갱신과 같은 기본 기능을 제공
		+ 시스템을 구출할 때 기본 기능부터 구현하지 않아도 된다.
	+ `기능성`
		+ 데이터베이스를 다루는 기능을 많이 제공한다.
		+ 관리 기능을 유저가 확장할 수도 있다.
	+ `신뢰성`
		+ 대규모 데이터베이스는 많은 요청에 대응할 수 있도록 하드웨어를 여러 대로 구성하여 신뢰성과 성능을 함께 높이려 한다.
		+ `클러스터 구현`(=scale out): 일부 DBMS는 컴퓨터 여러 대를 두고, 소프트웨어를 통해 Scalability(확장성)과 Load balancing(부하 분산)을 구현한다.
		+ 많은 DBMS는 import과 export 기능을 통해 데이터베이스를 간단하게 백업할 수 있다.

### 데이터베이스를 조작하는 언어 SQL
+ <code>SQL</code>: 관게형 데이터베이스 관리 시스템(RDMBS: Relational Database Management System)을 조작할 때 사용하는 표준 언어
+ SQL 명령의 종류
	<img src="https://github.com/sml09181/sml09181.github.io/assets/105408672/3ba7bbe2-411b-4fc6-b3ba-fd82e26915ab">
	+ `DML`(Data Manipulation Language)
		+ 추가, 삭제, 갱신 등의 **데이터 조작** 작업을 할 때 사용한다.
		+ SQL의 가장 기본이 되는 명령 set이다.
	+ `DDL`(Data Definition Language)
		+ **데이터를 정의**하는 명령어
		+ 데이터베이스 object을 만들거나 삭제하는 명령어
	+ `DCL`(Data Control Language)
		+ **데이터를 제어**하는 명령어
		+ 트랜잭션을 제어하는 명령, 데이터 접근권한을 제어하는 명령이 포함되어 있다.

## 2. 다양한 데이터베이스
### 데이터베이스 종류
+ <code>계층형 데이터베이스</code>
	+ 폴더와 파일 등의 계층 구조로 데이터 저장
	+ 예시: HDD, DVD 파일 시스템
+ <code>관계형 데이터베이스</code>
	+ relational algebra에 착안한 데이터베이스
	+ 행과 열을 가지는 table 형식(=2차원) 데이터를 저장하는 형식
	+ SQL로 데이터를 다루는 데이터베이스
+ <code>객체지향 데이터베이스</code>
	+ 가능하면 객체 그대로를 데이터베이스의 데이터로 저장하는 것
+ <code>XML 데이터베이스</code>
	+ `XML`: HTML과 흡사하게 태그를 이용해 마크업 문서를 작성할 수 있게 정의한 것
	+ `XQuery`라는 전용 명령어 사용
+ <code>KVS</code>(Key-Value Store)
	+ Key와 그에 대응하는 값인 Value라는 단순한 형태의 데이터를 저장하는 데이터베이스
	+ 열 지향 데이터베이스

### RDBMS 사용 시스템
+ 최근 들어 Downsizing으로 인해 Main Frame은소형 workstation으로 대체되었다.
+ 이러한 변화에도 불구하고 데이터베이스 서버로는 여전히 RDBMS가 사용된다.
+ 일반적으로 사용하는 인프라: 인터넷

### 데이터베이스 제품
+ `Oracle`
+ `DB2`
+ `SQL Server`


## 3. 데이터베이스 서버
### MYSQL 클라이언트 사용하기
+ mysql 명령 실행
	```cmd
	C:\Users\sml09181>mysql -u root -p
	Enter password: **********
	Welcome to the MySQL monitor.  Commands end with ; or \g.
	Your MySQL connection id is 10
	Server version: 8.1.0 MySQL Community Server - GPL

	Copyright (c) 2000, 2023, Oracle and/or its affiliates.

	Oracle is a registered trademark of Oracle Corporation and/or its
	affiliates. Other names may be trademarks of their respective
	owners.
	```
+ 데이터베이스 선택하기
  + `show` 명령은 mysql 클라이언트 프로그램의 고유 명령일 뿐, SQL 명령이 아니다 ➡️ 서버에는 접속했지만, 아직 데이터베이스에는 접속되지 않음
  + SQL 명령을 실행할 때는 구체적으로 데이터베이스를 선택해야 함
```CMD
	mysql> show databases;
	+--------------------+
	| Database           |
	+--------------------+
	| information_schema |
	| mysql              |
	| performance_schema |
	| sys                |
	+--------------------+
	4 rows in set (0.01 sec)

	mysql> use sample
	Database changed
```
+ mysql 클라이언트 종료하기
  ```cmd
  	mysql> exit;
	Bye
  ```
## 4. Hello World 실행하기
+ <code>SELECT * FROM 테이블명</code>
  + SQL 명령은 키워드에 의해 '구'라는 단위로 나눌 수 있다
  + SELECT 구와 FROM 구로 나눌 수 있다
	```sql
	mysql> SELECT * FROM sample21;
	+------+--------+------------+-------------------+
	| no   | name   | birthday   | address           |
	+------+--------+------------+-------------------+
	|    1 | 박준용 | 1976-10-18 | 대구광역시 수성구 |
	|    2 | 김재진 | NULL       | 대구광역시 동구   |
	|    3 | 홍길동 | NULL       | 서울특별시 마포구 |
	+------+--------+------------+-------------------+
	3 rows in set (0.00 sec)
	```
+ 예약어와 데이터베이스 객체명
  + 예약어와 데이터베이스 객체명은 대소문자를 구분하지 않는다.
+ 테이블은 행과 열로 구성된 표 형식의 데이터이다
+ 데이터는 자료형으로 분류할 수 있다.
  + 이때 열은 하나의 자료형만 가질 수 있다.
+ NULL: 아무것도 저장되어 있지 않은 상태


## 5. 테이블 구조 참조하기
+ <code>DESC table</code>: 테이블에 어떤 열의 정의되어 있는지 알 수 있다
  + `DESC`는 SQL 명령이 아니다
  + 테이블의 구조를 참조할 수 있다
	```SQL
	mysql> DESC sample21;
	+----------+-------------+------+-----+---------+-------+
	| Field    | Type        | Null | Key | Default | Extra |
	+----------+-------------+------+-----+---------+-------+
	| no       | int         | YES  |     | NULL    |       |
	| name     | varchar(20) | YES  |     | NULL    |       |
	| birthday | date        | YES  |     | NULL    |       |
	| address  | varchar(40) | YES  |     | NULL    |       |
	+----------+-------------+------+-----+---------+-------+
	4 rows in set (0.01 sec)
	```
+ 자료형(Type)
  + 괄호 안의 숫자는 최대 길이를 나타낸다
  + 수치형: 오른쪽 정렬되어 표시된다
    + INTEGER형
  + 문자형: 왼쪽 정렬되어 표시된다
    + CHAR형: 고정 길이 문자열
      + 최대 길이보다 작은 문자열을 저장할 경우 공백문자로 나머지를 채운다
    + VCHAR형: 가변 길이 문자열
  + DATE형: 왼쪽으로 정렬되어 표시된다
+ Null: NULL 값을 허용할 것인지 아닌지를 나타내는 제약사항
+ Default: 생랼했을 경우 적용되는 값

## 6. 검색 조건 지정하기
+ <code>SELECT</code>: 열을 선택할 때 사용
  + `,`를 이용하여 여러 개의 열 구분
  + 열을 전혀 지정하지 않거나 존재하지 않는 열을 지정하면 에러 발생
  + 결과는 지정한 열의 순서대로 표시됨
  + 동일한 열을 중복해서 지정해도 된다
	```sql
	mysql> SELECT no, name FROM sample21;
	+------+--------+
	| no   | name   |
	+------+--------+
	|    1 | 박준용 |
	|    2 | 김재진 |
	|    3 | 홍길동 |
	+------+--------+
	3 rows in set (0.00 sec)

	mysql> SELECT no, no FROM sample21;
	+------+------+
	| no   | no   |
	+------+------+
	|    1 |    1 |
	|    2 |    2 |
	|    3 |    3 |
	+------+------+
	3 rows in set (0.00 sec)
	```
+ <code>WHERE<code>: 행을 선택할 때 사용
  + 구의 순서는 바꿔 적을 수 없다
  + WHERE을 생략하면 테이블 내의 모든 행이 검색 대상이 된다
  + 조건식: 열, 연산자, 상수로 구성되는 식
    + 참 또는 거짓의 진리값을 반환하는 식
    + 비교연산자(예: `=`, `<>`)를 사용해 표현한다
      + 이때 `>=` 등을 표기할 때 `>`과 `=` 사이에 space를 넣으면 안 된다
		```sql
			mysql> SELECT * FROM sample21 WHERE no = 2;
			+------+--------+----------+-----------------+
			| no   | name   | birthday | address         |
			+------+--------+----------+-----------------+
			|    2 | 김재진 | NULL     | 대구광역시 동구 |
			+------+--------+----------+-----------------+
			1 row in set (0.00 sec)

			mysql> SELECT * FROM sample21 WHERE no <> 2;
			+------+--------+------------+-------------------+
			| no   | name   | birthday   | address           |
			+------+--------+------------+-------------------+
			|    1 | 박준용 | 1976-10-18 | 대구광역시 수성구 |
			|    3 | 홍길동 | NULL       | 서울특별시 마포구 |
			+------+--------+------------+-------------------+
			2 rows in set (0.00 sec)
		```
+ 문자열형의 상수
  + 문자열형이나 날짜시간형을 비교할 때는 `' '`(싱글쿼트)로 둘러싸 표기해야 한다
    + 날짜시간형 연월일은 `-`으로, 시분초를 `:`으로 구분한다(예: `2013-03-03 10:21:00`)
  + `literal`: 자료형에 맞게 표기한 상수값
    + 문자열 리터럴은 싱글쿼트로 둘러싸 표기한다
+ NULL값 검색: `=`가 아닌 `IS NULL`을 사용한다
  ```SQL
  mysql> SELECT * FROM sample21 WHERE birthday IS NULL;
	+------+--------+----------+-------------------+
	| no   | name   | birthday | address           |
	+------+--------+----------+-------------------+
	|    2 | 김재진 | NULL     | 대구광역시 동구   |
	|    3 | 홍길동 | NULL     | 서울특별시 마포구 |
	+------+--------+----------+-------------------+
	2 rows in set (0.00 sec)
  ```


## 7. 조건 조합하기
+ 논리 연산자로 조건식들을 조합한다
+ `AND`(논리곱), `OR`(논리합), `NOT`
	```SQL
	mysql> SELECT * FROM sample24;
	+------+------+------+------+
	| no   | a    | b    | c    |
	+------+------+------+------+
	|    1 |    1 |    0 |    0 |
	|    2 |    0 |    1 |    0 |
	|    3 |    0 |    0 |    1 |
	|    4 |    2 |    2 |    0 |
	|    5 |    0 |    2 |    2 |
	+------+------+------+------+
	5 rows in set (0.00 sec)

	mysql> SELECT * FROM sample24 WHERE a<>0 OR b<>0;
	+------+------+------+------+
	| no   | a    | b    | c    |
	+------+------+------+------+
	|    1 |    1 |    0 |    0 |
	|    2 |    0 |    1 |    0 |
	|    4 |    2 |    2 |    0 |
	|    5 |    0 |    2 |    2 |
	+------+------+------+------+
	4 rows in set (0.00 sec)

	mysql> SELECT * FROM sample24 WHERE no = 1 OR no = 2;
	'''
	이때 mysql> SELECT * FROM sample24 WHERE no = 1 OR = 2;는 안 된다
	'''
	+------+------+------+------+
	| no   | a    | b    | c    |
	+------+------+------+------+
	|    1 |    1 |    0 |    0 |
	|    2 |    0 |    1 |    0 |
	+------+------+------+------+
	2 rows in set (0.00 sec)
	```
+ 연산자 우선순위: `( )` > AND` > `OR`
	```SQL
	mysql> SELECT * FROM sample24 WHERE NOT (a<>0 OR b<>0);
	+------+------+------+------+
	| no   | a    | b    | c    |
	+------+------+------+------+
	|    3 |    0 |    0 |    1 |
	+------+------+------+------+
	1 row in set (0.00 sec)
	'''
	a열이 0이 아니거나 b열이 0이 아닌 행을 제외한 나머지 행을 검색
	'''
	```

## 8. 패턴 매칭에 의한 검색
+ <CODE>LIKE<CODE>를 사용하여 부분 검색(문자열의 일부분을 비교)를 할 수 있다
  + `column LIKE '패턴'`
+ 메타문자(와일드카드): 패턴 매칭 시 임의의 문자 또는 문자열에 매치하는 부분을 지정하기 위해 쓰이는 특수 문자
  + `%`: 임의의 문자열(빈 문자열에도 매치)
  + `_`: 임의의 문자 하나
  + 패턴을 정의할 때 메타문자를 여러 개 사용할 수 있다
	```SQL
	mysql> SELECT * FROM sample25;
	+------+-------------------------------------------------+
	| no   | text                                            |
	+------+-------------------------------------------------+
	|    1 | SQL은 RDBMS를 조작하기 위한 언어이다.           |
	|    2 | LIKE에서는 메타문자 %와 _를 사용할 수 있다.     |
	|    3 | LIKE는 SQL에서 사용할 수 있는 술어 중 하나이다. |
	+------+-------------------------------------------------+
	3 rows in set (0.00 sec)

	mysql> SELECT * FROM sample25 WHERE text LIKE 'SQL%';
	+------+---------------------------------------+
	| no   | text                                  |
	+------+---------------------------------------+
	|    1 | SQL은 RDBMS를 조작하기 위한 언어이다. |
	+------+---------------------------------------+
	1 row in set (0.00 sec)

	mysql> SELECT * FROM sample25 WHERE text LIKE '%SQL%';
	+------+-------------------------------------------------+
	| no   | text                                            |
	+------+-------------------------------------------------+
	|    1 | SQL은 RDBMS를 조작하기 위한 언어이다.           |
	|    3 | LIKE는 SQL에서 사용할 수 있는 술어 중 하나이다. |
	+------+-------------------------------------------------+
	2 rows in set (0.00 sec)
	```
+ 메타문자 자체를 검색하고 싶을 때는 `\`를 이용한다
	```SQL
	mysql> SELECT * FROM sample25 WHERE text LIKE '%\%%';
	+------+---------------------------------------------+
	| no   | text                                        |
	+------+---------------------------------------------+
	|    2 | LIKE에서는 메타문자 %와 _를 사용할 수 있다. |
	+------+---------------------------------------------+
	1 row in set (0.00 sec)
	```
+ 문자열 상수 `'`의 Escape
  + 표준 SQL에서는 `'`를 2개 연속하면 Escape 처리를 할 수 있다
  + 예) 'It's' ➡️'It''s', ' 하나만 문자열 데이터 ➡️ ''''

<br><br>

Image Source
+ https://www.geeksforgeeks.org/difference-between-er-model-and-rdbms/
+ https://www.scaler.com/topics/difference-between-ddl-and-dml/